
{
    "path" : [
        {"path":  "100__2019_04_16__05_06_42__Parameters","LEAF_NUMBER":7},
        {"path": "100__2019_04_16__17_12_45__Parameters","LEAF_NUMBER":7},
        {"path": "100__2019_04_17__05_12_45__Parameters","LEAF_NUMBER":7},
        {"path": "100__2019_04_17__17_12_46__Parameters","LEAF_NUMBER":8},
        {"path": "100__2019_04_18__05_12_46__Parameters","LEAF_NUMBER":9},
        {"path": "100__2019_04_18__17_12_47__Parameters","LEAF_NUMBER":9},
        {"path": "100__2019_04_19__05_12_47__Parameters","LEAF_NUMBER":10},
        {"path": "100__2019_04_19__17_12_48__Parameters","LEAF_NUMBER":10},
        {"path": "100__2019_04_20__05_12_48__Parameters","LEAF_NUMBER":11}
    ]
}